<?xml version="1.0" encoding="UTF-8"?>
<project-private xmlns="http://www.netbeans.org/ns/project-private/1">
    <editor-bookmarks xmlns="http://www.netbeans.org/ns/editor-bookmarks/2" lastBookmarkId="0"/>
    <open-files xmlns="http://www.netbeans.org/ns/projectui-open-files/2">
        <group>
            <file>file:/D:/Important%20files/LAB211/src/ManagerFlight/src/constant/Constant.java</file>
            <file>file:/D:/Important%20files/LAB211/src/ManagerFlight/src/controller/Validator.java</file>
            <file>file:/D:/Important%20files/LAB211/src/ManagerFlight/src/controller/ReservationList.java</file>
            <file>file:/D:/Important%20files/LAB211/src/ManagerFlight/src/main/Main.java</file>
            <file>file:/D:/Important%20files/LAB211/src/ManagerFlight/src/controller/FlightList.java</file>
            <file>file:/D:/Important%20files/LAB211/src/ManagerFlight/src/controller/ScheduleList.java</file>
        </group>
    </open-files>
</project-private>
